{
  "nineslice_size": 9,
  "base_size": [ 10.66666666666667, 10.66666666666667 ]
}