{
  "nineslice_size": [ 8.33333333333333, 11.666666666666666666666666, 8.33333333333333, 16.666666666666666666666666 ],
  "base_size": [ 40, 36.666666666666666666666666 ]
}