{
  "nineslice_size": 9.0,
  "base_size": [ 26.666666666666, 26.666666666666 ]
}