{
  "nineslice_size": 9,
  "base_size": [ 21.333333333333, 21.333333333333 ]
}