{
  "nineslice_size": 6.66666666666667,
  "base_size": [ 21.333333333333333, 21.333333333333333 ]
}