{
  "nineslice_size": [ 6.666666666666666666666666, 8, 6.666666666666666666666666, 13 ],
  "base_size": [ 32, 29.33333333333333 ]
}